MovieID,Title,Genre,ReleaseDate,Rating,Revenue,Budget,Profit
1,Inception,Sci-Fi,2010-07-16,8.8,825532764,160000000,665532764
2,The Dark Knight,Action,2008-07-18,9.0,1004558444,185000000,819558444
3,Titanic,Romance,1997-12-19,7.8,2187463944,200000000,1987463944
4,Interstellar,Sci-Fi,2014-11-07,8.6,677471339,165000000,512471339
5,Joker,Drama,2019-10-04,8.4,1074251311,55000000,1019251311
6,The Notebook,Romance,2004-06-25,7.9,,29000000,
7,Avengers: Endgame,Action,2019-04-26,8.4,2797800564,356000000,2441800564
